{
  "project_info": {
    "project_number": "94716813279",
    "project_id": "camshot-19e49",
    "storage_bucket": "camshot-19e49.appspot.com"
  },
  "client": [
    {
      "client_info": {
        "mobilesdk_app_id": "1:94716813279:android:2b54dd157cfddf317e6e6a",
        "android_client_info": {
          "package_name": "com.example.cam_shot"
        }
      },
      "oauth_client": [],
      "api_key": [
        {
          "current_key": "AIzaSyBdeys2PIuWXqf7JyNJk2P1SmWP7Ud2Sq0"
        }
      ],
      "services": {
        "appinvite_service": {
          "other_platform_oauth_client": []
        }
      }
    }
  ],
  "configuration_version": "1"
}